vehicle_id,label_id
1,1
1,3
2,1
2,3
3,1
3,3
4,10
4,1
4,2
4,3
5,10
5,5
5,1
5,3
6,1
6,3
7,1
8,4
8,1
8,7
9,5
9,1
10,1
10,3
11,1
11,3
12,10
12,1
12,2
12,3
13,10
13,1
13,2
14,10
14,5
14,1
14,2
14,3
15,1
16,1
17,10
17,1
17,2
17,3
18,10
18,1
18,2
19,10
19,1
19,2
20,1
20,3
21,10
21,1
21,2
22,1
23,10
23,1
23,2
24,10
24,1
24,2
24,3
25,2
25,3
26,1
26,3
27,10
27,1
27,2
27,3
28,1
28,3
29,1
29,3
30,10
30,1
30,2
30,3
31,10
31,1
31,2
31,3
32,4
32,1
33,1
33,3
35,1
35,3
36,10
36,1
36,2
36,3
37,10
37,1
37,2
37,3
38,10
38,5
38,1
38,3
39,4
39,5
39,1
39,7
40,10
40,1
40,3
41,4
41,5
41,1
41,7
42,1
43,4
43,5
43,1
45,1
45,3
46,1
46,3
46,7
47,10
47,1
47,2
47,3
48,1
49,1
49,3
50,1
50,3
51,4
51,1
52,1
52,3
53,10
53,1
53,2
54,10
54,5
54,1
54,2
54,3
55,1
56,1
56,3
57,10
57,4
57,5
57,1
57,2
57,7
58,10
58,4
58,1
58,2
58,7
59,1
59,3
60,1
60,3
61,5
61,1
62,1
62,3
63,1
63,3
64,10
64,1
64,2
64,3
65,10
65,1
65,2
65,3
66,1
67,4
67,5
67,1
67,7
68,10
68,4
68,5
68,1
69,1
69,3
70,4
71,10
71,1
71,2
72,10
72,1
72,2
72,3
73,4
73,1
74,1
75,1
75,3
76,1
76,3
77,1
77,3
78,1
78,3
79,5
79,1
80,2
80,7
81,4
81,1
82,10
82,4
82,1
82,2
82,7
83,1
83,3
84,10
84,4
84,1
84,2
85,1
85,3
86,4
86,1
87,1
87,3
88,4
88,1
89,5
89,1
90,10
90,1
90,2
90,3
91,1
91,3
92,1
92,3
93,1
93,3
94,4
94,5
94,1
94,7
95,4
96,5
96,2
96,7
97,5
98,1
98,3
99,10
99,1
99,2
99,3
100,1
100,3
101,1
101,3
102,1
102,3
103,1
104,1
104,3
105,4
105,5
105,1
106,10
106,4
106,1
106,2
107,10
107,1
107,2
107,3
108,10
108,1
108,2
108,3
109,3
110,2
110,3
110,7
111,1
111,3
112,4
112,5
112,1
113,4
113,5
113,1
114,1
114,3
115,1
116,1
116,3
117,1
117,3
118,1
118,3
119,1
119,3
120,10
120,4
120,1
120,2
121,10
121,5
121,1
121,2
121,3
122,10
122,1
122,2
123,1
123,3
124,1
124,3
125,1
125,3
126,1
126,3
127,1
127,3
128,10
128,1
128,2
128,6
129,10
129,1
129,2
130,10
130,1
130,2
130,7
131,10
131,4
131,5
131,1
131,7
132,10
132,1
132,2
133,1
133,3
134,1
134,3
135,4
135,5
135,1
136,1
136,3
137,10
137,1
137,3
138,10
138,4
138,5
138,1
138,2
139,3
140,10
140,5
140,1
140,2
140,7
141,10
141,1
141,2
141,3
142,1
142,3
143,10
143,1
143,2
144,1
144,3
145,1
145,3
146,1
146,3
147,1
147,3
148,4
148,2
149,10
149,4
149,5
149,1
149,2
150,10
150,5
150,1
150,2
150,3
151,10
151,1
151,3
152,1
152,3
153,10
153,4
153,5
153,1
154,1
154,3
155,1
155,3
156,1
156,3
157,10
157,4
157,5
157,1
157,2
157,7
158,4
158,5
158,1
159,4
159,5
159,1
159,7
160,1
160,3
161,5
162,10
162,1
162,2
163,10
163,5
163,1
163,2
164,10
164,1
164,2
165,1
165,7
166,1
166,3
167,1
167,3
168,1
168,3
169,1
169,3
170,5
170,1
171,1
171,3
172,1
172,3
173,4
173,1
174,10
174,1
174,2
175,10
175,4
175,5
175,1
175,2
176,10
176,4
176,5
176,1
177,4
177,1
178,1
178,3
179,4
179,5
179,1
180,1
180,3
181,4
181,5
181,1
182,5
182,1
182,3
182,7
183,1
183,3
184,1
184,3
185,4
185,5
185,1
185,7
186,4
186,5
186,1
187,10
187,1
187,2
187,3
188,10
188,1
188,2
188,3
189,10
189,5
189,1
189,3
190,1
190,3
191,1
191,3
192,10
192,1
192,3
193,1
193,3
194,1
194,3
195,4
195,1
195,7
196,4
196,5
196,1
196,7
197,4
197,1
198,10
198,4
198,5
198,1
198,2
199,1
199,3
200,10
200,1
200,2
200,3
201,4
201,5
201,1
201,7
202,1
203,1
204,4
204,1
205,4
205,5
205,1
206,4
206,5
206,1
206,7
207,1
207,3
208,1
208,3
209,10
209,1
209,2
210,10
210,1
211,1
211,3
212,1
212,3
213,10
213,4
213,1
213,2
214,10
214,1
214,2
214,3
215,5
215,1
215,7
216,10
216,1
216,2
217,5
217,1
217,7
218,10
218,5
218,1
218,2
218,3
219,4
219,1
220,10
220,4
220,5
220,1
220,2
221,1
221,3
222,10
222,1
222,3
223,10
223,5
223,1
223,2
224,10
224,4
224,5
224,1
224,2
225,4
225,5
225,1
226,1
226,3
227,1
227,3
228,1
228,3
229,10
229,1
229,3
230,10
230,4
230,5
230,1
231,10
231,1
231,2
232,10
232,4
232,5
232,1
232,2
232,7
233,10
233,4
233,1
233,2
233,7
234,4
234,5
234,1
234,7
235,10
235,4
235,5
235,1
236,5
236,1
236,7
237,10
237,4
237,5
237,1
237,2
238,10
238,4
238,5
238,1
238,2
238,7
239,5
239,1
239,3
239,7
240,4
240,5
240,1
240,7
241,10
241,1
241,3
242,10
242,1
242,2
242,3
243,1
243,3
244,10
244,4
244,1
244,2
245,1
245,3
246,5
246,2
247,4
247,5
247,1
248,10
248,1
248,2
249,1
249,3
250,5
250,1
250,3
251,10
251,5
251,1
251,3
252,1
252,3
253,10
253,1
253,2
253,3
254,1
254,3
255,1
255,3
256,10
256,1
256,2
256,3
257,1
257,3
258,10
258,4
258,5
258,1
258,7
259,4
259,5
259,1
259,7
260,10
260,5
260,1
260,2
260,7
261,4
261,5
261,1
261,7
262,10
262,1
262,3
263,10
263,4
263,1
263,2
264,10
264,4
264,1
264,2
264,7
265,1
265,3
266,10
266,1
266,2
267,4
268,5
268,1
268,3
269,10
269,1
269,3
270,1
270,3
271,4
271,5
271,1
271,7
272,1
272,3
273,1
273,3
274,10
274,1
274,2
275,4
275,2
275,7
276,10
276,4
276,5
276,1
276,7
277,4
277,5
277,1
278,10
278,1
278,2
279,1
280,10
280,5
280,1
280,2
280,3
281,1
282,10
282,4
282,5
282,1
283,1
283,3
284,1
285,1
286,10
286,5
286,1
286,2
286,3
287,1
287,3
288,1
289,10
289,4
289,5
289,1
289,7
290,4
290,1
290,7
291,1
291,3
292,3
293,4
293,5
293,1
294,5
294,1
294,3
295,4
295,1
295,7
296,1
296,3
297,4
298,1
298,3
299,10
299,1
299,2
299,3
300,10
300,1
300,2
300,3
301,4
301,5
301,1
301,7
302,10
302,1
302,2
302,3
303,4
303,5
303,1
304,1
304,3
305,10
305,4
305,5
305,1
305,2
306,2
306,7
307,1
307,3
308,1
308,3
309,1
310,3
311,1
311,3
312,4
312,1
313,4
313,5
313,1
314,5
314,1
315,1
316,4
316,5
316,1
317,1
317,3
318,10
318,4
318,5
318,1
318,2
319,4
319,1
319,7
320,5
320,1
320,3
321,10
321,1
321,2
321,3
322,10
322,1
322,2
323,1
323,3
324,10
324,1
324,3
324,7
325,4
326,10
326,1
326,2
326,3
327,5
327,1
327,3
328,1
329,1
329,3
330,1
330,3
331,1
331,3
332,1
333,1
333,3
334,1
334,3
335,4
335,5
335,1
336,1
336,3
337,5
337,1
337,3
338,10
338,5
338,1
338,2
339,10
339,1
339,2
339,6
340,5
340,1
340,3
341,10
341,1
341,2
342,4
342,5
342,1
342,7
343,4
343,5
343,1
343,7
344,1
344,3
345,10
345,1
345,3
346,1
346,3
347,1
347,3
348,1
348,3
349,4
349,1
349,7
350,1
350,3
351,5
351,1
351,3
352,2
352,3
352,7
353,1
353,3
354,10
354,1
354,3
355,4
355,5
355,1
356,4
356,5
356,1
357,1
357,3
358,10
358,1
358,2
358,3
359,10
359,1
359,3
360,1
360,3
361,1
361,3
362,10
362,1
362,3
363,10
363,1
363,2
364,10
364,1
364,2
365,10
365,5
365,1
365,2
365,3
366,7
367,10
367,1
367,2
368,10
368,1
368,2
368,3
369,1
369,3
370,10
370,1
370,2
370,3
371,4
371,1
371,7
372,5
372,2
373,10
373,1
373,2
373,3
374,1
374,3
375,1
375,3
376,1
376,3
377,1
378,1
378,3
379,10
379,5
379,1
379,2
380,10
380,1
380,2
380,3
381,10
381,4
381,5
381,1
381,2
382,1
382,3
383,10
383,1
383,3
384,10
384,4
384,1
384,2
384,7
385,10
385,4
385,5
385,1
385,7
386,10
386,1
386,2
387,10
387,1
387,3
387,7
388,10
388,1
388,2
388,3
389,1
389,3
390,1
390,3
391,1
391,3
392,1
392,3
393,1
393,3
394,10
394,5
394,1
394,2
395,1
395,3
396,4
396,5
396,1
396,7
397,1
398,10
398,4
398,5
398,1
398,2
399,10
399,1
399,2
399,3
399,7
400,1
400,3
401,1
401,3
402,1
403,4
403,1
404,1
405,1
405,3
406,1
406,3
407,1
407,3
408,1
409,10
409,1
409,2
410,10
410,1
410,2
410,3
412,1
412,3
413,1
413,3
414,5
414,1
415,2
415,3
416,10
416,5
416,1
416,2
416,3
417,10
417,4
417,1
417,2
418,10
418,1
418,2
419,1
419,3
420,1
420,3
421,10
421,1
421,2
422,10
422,1
422,2
423,1
423,3
424,10
424,4
424,5
424,1
424,2
424,7
425,5
425,1
425,7
426,3
427,10
427,4
427,5
427,1
427,2
427,7
428,4
428,5
428,1
429,1
429,3
430,1
430,3
431,10
431,1
431,2
432,1
433,1
433,3
434,5
434,1
435,1
435,3
436,10
436,5
436,1
436,2
437,1
437,3
438,10
438,1
438,2
439,1
439,3
440,1
440,3
441,1
441,3
442,10
442,1
442,2
442,3
443,5
443,2
444,4
444,1
444,7
445,5
445,1
445,3
446,10
446,4
446,1
446,2
447,10
447,1
447,3
448,1
448,3
449,10
449,4
449,5
449,1
449,2
450,10
450,4
450,5
450,1
451,4
451,5
451,1
452,1
452,3
453,10
453,4
453,5
453,1
453,2
453,7
454,4
454,1
455,10
455,4
455,5
455,1
455,2
456,10
456,1
456,2
456,3
457,4
457,1
458,10
458,4
458,1
459,10
459,1
459,2
459,3
460,1
460,3
461,10
461,1
461,2
461,3
462,4
462,1
462,7
463,10
463,1
463,2
463,3
464,1
464,3
466,10
466,1
466,2
466,3
467,10
467,4
467,5
467,1
467,2
468,1
468,3
469,1
469,3
470,1
470,3
471,1
471,7
472,1
473,10
473,4
473,5
473,1
473,2
473,7
474,4
474,1
475,1
475,3
476,10
476,4
476,1
476,2
477,10
477,4
477,1
477,2
479,4
479,5
479,1
480,10
480,4
480,5
480,1
480,2
480,7
481,4
481,5
481,1
482,4
482,5
482,1
482,7
483,10
483,1
483,2
484,5
484,2
485,10
485,4
485,1
485,2
485,7
486,4
486,1
486,7
487,1
487,3
488,3
489,3
490,10
490,5
490,1
490,2
490,7
491,1
491,3
492,3
493,3
494,1
494,3
495,10
495,1
495,2
496,10
496,4
496,5
496,1
496,2
497,10
497,1
497,2
498,10
498,1
498,3
499,10
499,1
499,2
499,3
500,5
500,1
500,3
500,7
501,1
501,3
502,1
502,3
503,4
503,1
503,7
504,10
504,1
505,10
505,4
505,5
505,1
505,2
505,7
506,10
506,1
506,2
506,3
507,1
507,3
508,10
508,1
508,2
508,3
509,4
509,5
509,1
510,4
511,7
512,10
512,4
512,1
513,4
513,1
514,10
514,4
514,5
514,1
514,2
515,10
515,1
515,2
515,3
516,1
516,3
517,1
517,3
518,10
518,1
518,3
519,1
519,3
520,1
520,3
521,10
521,4
521,5
521,1
521,2
521,7
522,4
522,1
522,7
523,1
523,3
524,1
524,3
525,1
525,3
526,4
526,5
527,10
527,1
528,10
528,5
528,1
528,3
529,4
529,1
529,7
530,4
530,1
531,1
531,3
532,1
532,3
533,1
533,3
534,5
534,1
534,3
535,1
535,3
536,1
536,3
537,10
537,1
537,3
538,10
538,1
538,3
539,1
539,3
540,4
540,5
540,1
541,1
541,3
542,1
542,3
543,10
543,4
543,5
543,1
543,2
543,7
544,10
544,4
544,5
544,1
544,2
545,4
545,5
545,1
546,10
546,4
546,1
546,2
547,10
547,4
547,1
547,2
548,1
548,3
549,4
549,5
549,1
550,4
550,5
550,1
550,7
551,10
551,1
551,3
552,10
552,1
552,2
552,3
553,1
553,3
553,7
554,10
554,4
554,5
554,1
554,2
554,7
555,1
555,3
556,4
556,1
556,7
557,1
557,3
558,10
558,1
558,2
559,10
559,4
559,5
559,1
559,2
559,7
560,10
560,1
560,3
561,1
561,3
562,1
562,3
563,10
563,1
563,2
564,10
564,1
564,2
564,3
565,10
565,1
565,2
565,3
566,1
566,3
567,1
567,3
568,1
568,3
569,4
569,1
569,7
570,5
570,1
570,3
571,1
571,3
573,10
573,4
573,1
574,10
574,5
574,1
574,2
575,10
575,1
575,2
575,3
576,5
576,1
577,10
577,5
577,1
577,2
578,10
578,5
578,1
578,2
579,1
580,10
580,1
580,2
580,3
581,10
581,1
581,2
581,3
582,10
582,4
582,5
582,1
582,2
583,10
583,4
583,5
583,1
583,2
583,7
584,10
584,4
584,1
584,2
585,10
585,4
585,5
585,1
585,2
585,7
586,4
586,1
587,10
587,4
587,1
587,2
588,1
588,3
589,1
589,3
590,10
590,1
590,2
590,3
591,10
591,1
591,2
591,3
592,10
592,1
592,2
592,3
593,1
593,3
594,1
595,1
595,3
596,10
596,5
596,1
596,2
597,1
597,3
598,1
598,3
599,10
599,1
599,2
599,3
600,5
600,1
600,3
601,4
601,5
601,1
602,1
602,3
603,1
603,3
604,10
604,1
604,3
605,10
605,4
605,5
605,1
605,2
606,10
606,4
606,1
606,2
607,1
607,3
608,10
608,1
608,2
609,10
609,5
609,1
609,3
610,10
610,5
610,1
610,2
611,1
611,3
612,10
612,5
612,1
612,2
613,4
614,4
614,5
614,1
614,7
615,4
615,5
615,1
615,7
616,10
616,1
616,3
617,2
617,3
617,7
618,4
618,5
618,1
619,1
619,3
620,10
620,1
620,2
620,3
621,10
621,4
621,1
621,2
622,10
622,1
622,2
622,3
623,1
623,3
624,10
624,4
624,5
624,1
624,2
625,10
625,1
625,2
625,3
626,1
626,3
627,10
627,1
627,2
628,1
628,3
629,4
629,5
629,1
630,1
630,3
631,4
631,5
631,1
632,1
632,3
633,10
633,1
633,2
633,3
634,3
635,10
635,1
635,2
635,3
636,4
636,1
637,4
637,5
637,1
637,7
638,10
638,1
638,2
638,3
639,10
639,1
640,10
640,1
640,2
640,6
641,10
641,1
641,2
641,3
642,10
642,1
642,2
643,4
644,10
644,5
644,1
644,2
644,7
645,1
645,3
646,4
646,5
646,1
647,1
647,3
648,1
648,3
649,3
650,1
650,3
651,10
651,1
651,2
652,1
652,3
653,1
653,3
654,1
654,3
655,1
656,10
656,4
656,1
657,10
657,1
657,2
657,3
658,10
658,5
658,1
658,2
658,7
659,10
659,5
659,1
659,2
659,3
660,10
660,4
660,1
660,2
661,10
661,1
661,2
661,3
662,10
662,4
662,1
662,2
663,1
663,3
664,1
664,3
665,4
666,1
666,3
667,10
667,1
667,2
667,3
668,4
668,5
668,1
669,4
669,5
669,1
670,10
670,4
670,1
670,2
671,10
671,1
671,2
672,10
672,1
672,2
673,10
673,1
673,2
673,3
674,10
674,1
674,3
675,4
675,5
675,1
676,5
676,1
677,1
677,3
678,4
678,1
678,7
679,10
679,1
679,2
679,3
680,4
680,5
680,1
680,7
681,10
681,1
681,3
682,10
682,4
682,5
682,1
682,2
683,10
683,5
683,1
683,2
684,10
684,4
684,1
684,2
684,7
685,10
685,5
685,1
685,2
686,5
686,1
686,3
686,7
687,1
687,3
688,10
688,5
688,1
688,2
688,3
689,1
690,4
690,5
690,1
691,1
691,3
692,4
692,5
692,1
692,7
693,10
693,1
693,2
694,10
694,5
694,1
694,2
695,1
695,3
696,4
696,1
697,10
697,1
697,2
697,3
698,1
698,3
699,4
699,1
700,5
700,1
700,3
701,10
701,1
702,10
702,4
702,5
702,1
703,10
703,4
703,1
703,2
704,10
704,5
704,1
704,2
705,1
705,3
706,1
706,3
707,1
707,3
708,10
708,1
708,3
709,10
709,1
709,2
709,3
710,10
710,1
710,2
711,10
711,1
711,2
711,3
712,10
712,4
712,1
712,2
713,5
713,1
713,3
713,7
714,1
714,3
715,1
716,10
716,1
716,3
717,1
717,3
718,4
718,5
718,1
719,4
719,1
720,1
720,3
721,1
721,3
722,10
722,1
722,2
723,3
724,4
724,5
724,1
725,1
725,3
726,4
726,5
726,1
727,10
727,4
727,5
727,1
727,2
728,4
729,4
729,5
729,1
731,1
731,3
731,7
732,1
732,3
733,10
733,5
733,1
733,2
733,3
734,4
734,5
734,1
734,7
735,4
735,1
736,1
736,3
737,1
737,3
738,1
739,10
739,4
739,5
739,1
739,7
740,1
740,3
741,1
741,3
742,10
742,1
742,2
743,10
743,4
743,5
743,1
743,2
743,7
744,10
744,4
744,5
744,1
744,2
745,4
745,1
746,10
746,1
746,2
747,10
747,1
747,3
749,10
749,1
749,3
750,10
750,1
750,2
751,10
751,4
751,5
751,1
751,2
751,7
752,10
752,1
752,2
752,3
753,10
753,1
753,2
753,3
754,10
754,4
754,1
754,2
755,4
755,2
755,7
756,10
756,1
756,3
757,10
757,4
757,1
757,2
758,10
758,4
758,5
758,1
758,2
758,7
759,1
759,3
760,10
760,4
760,1
760,2
761,4
761,5
761,1
762,10
762,1
762,2
762,3
763,10
763,1
763,3
764,10
764,1
764,3
765,4
765,5
765,1
766,1
767,10
767,1
767,2
767,3
768,10
768,1
768,3
769,10
769,1
769,2
769,3
770,10
770,1
770,2
770,3
771,1
771,3
772,10
772,4
772,5
772,1
773,4
773,5
773,1
774,4
774,1
774,7
775,4
775,5
775,1
775,7
776,4
776,5
776,1
777,4
777,5
777,1
777,7
778,1
778,3
779,10
779,1
779,2
779,3
780,10
780,4
780,5
780,1
780,2
781,2
781,3
781,7
782,10
782,1
782,3
783,10
783,5
783,1
783,2
784,1
784,3
785,10
785,1
785,2
785,3
786,2
787,4
787,5
787,1
788,10
788,1
788,2
788,3
789,5
789,1
789,3
790,10
790,4
790,5
790,1
790,2
790,7
791,10
791,1
791,2
792,1
793,1
793,3
794,4
794,5
794,1
794,7
795,10
795,4
795,5
795,1
795,2
795,7
796,10
796,1
796,2
797,1
797,3
798,4
798,5
798,1
798,7
799,10
799,1
799,3
800,10
800,5
800,1
800,2
800,3
801,5
801,1
802,4
802,5
802,1
803,1
803,3
804,10
804,1
804,2
804,3
804,7
805,4
805,1
805,7
806,10
806,1
806,2
806,3
807,1
808,4
808,1
809,10
809,1
809,2
809,3
810,3
811,5
811,1
812,10
812,4
812,5
812,1
812,2
813,1
813,3
814,4
814,5
815,3
816,1
816,3
817,10
817,4
817,1
817,2
818,1
818,3
819,1
819,3
820,4
820,1
820,7
821,1
821,3
822,10
822,1
822,3
823,1
823,3
824,1
825,3
826,1
826,3
827,10
827,1
827,2
827,3
828,10
828,5
828,1
829,10
829,5
829,1
829,2
829,7
830,10
830,1
830,2
830,3
831,10
831,4
831,5
831,1
831,2
832,10
832,1
832,3
833,1
833,3
834,10
834,4
834,1
834,2
835,1
835,3
836,2
837,1
837,3
838,4
839,10
839,4
839,5
839,1
839,7
840,10
840,4
840,1
840,2
841,10
841,4
841,5
841,1
841,7
842,10
842,1
842,2
842,3
843,1
844,10
844,1
844,2
844,3
845,1
845,3
846,1
846,3
847,5
847,1
848,10
848,1
848,2
849,1
849,3
850,10
850,1
850,2
850,3
851,1
851,3
852,4
852,5
852,1
852,7
853,10
853,4
853,5
853,1
853,2
854,4
854,5
854,1
854,7
855,4
855,5
855,1
855,7
856,1
856,3
857,10
857,4
857,5
857,1
857,2
858,10
858,4
858,5
858,1
858,2
858,7
859,4
859,1
860,4
860,5
860,1
861,10
861,1
861,2
861,3
862,10
862,5
862,1
862,2
863,10
863,1
864,1
864,3
865,10
865,1
865,2
866,10
866,4
866,5
866,1
866,2
867,10
867,4
867,5
867,1
867,2
868,1
869,4
869,5
869,1
870,4
870,5
870,1
871,4
871,5
871,1
871,7
872,4
872,5
872,1
873,4
873,5
873,1
873,7
874,1
874,3
875,5
875,1
876,10
876,4
876,5
876,1
877,5
877,1
877,3
877,7
878,1
878,3
879,1
880,4
881,1
881,3
882,10
882,1
882,2
882,3
883,10
883,1
883,2
883,3
884,1
884,3
885,2
885,3
886,1
886,3
887,10
887,1
887,3
888,1
888,3
889,1
889,3
890,1
890,3
891,1
891,3
892,1
892,3
893,1
894,1
895,1
895,3
896,4
897,4
897,5
897,1
897,7
898,1
898,3
899,9
899,10
899,1
899,2
899,6
900,1
901,4
901,5
901,1
902,10
902,5
902,1
902,2
903,10
903,4
903,5
903,1
903,2
903,7
904,10
904,1
904,2
904,3
905,3
906,1
906,3
907,1
907,3
908,1
908,3
909,4
909,5
909,1
909,7
910,9
910,10
910,1
910,2
910,6
911,10
911,4
911,1
911,2
912,10
912,1
912,2
912,3
913,10
913,4
913,5
913,1
913,2
914,4
914,5
914,1
914,7
915,1
915,3
916,1
916,3
917,5
917,1
917,3
917,7
918,1
918,3
919,10
919,4
919,5
919,1
919,7
920,4
920,5
920,1
921,1
921,3
922,1
922,3
923,1
924,1
924,3
925,10
925,1
925,2
925,3
926,1
927,1
927,3
928,10
928,5
928,1
928,3
929,4
929,5
929,1
930,10
930,1
930,2
931,1
931,3
932,1
932,3
933,4
933,1
934,10
934,1
934,2
934,3
935,10
935,1
935,2
935,3
936,10
936,1
936,2
936,3
937,10
937,1
937,2
937,3
938,3
939,4
939,5
939,1
939,7
940,5
940,1
940,3
941,4
941,5
941,1
942,1
943,5
943,1
943,3
944,5
944,1
945,10
945,4
945,5
945,1
945,2
946,1
946,3
947,1
947,3
948,4
948,1
949,10
949,1
949,2
949,3
950,10
950,4
950,5
950,1
950,2
951,10
951,4
951,1
951,2
952,1
953,1
954,10
954,1
954,2
954,3
955,1
955,3
956,4
956,5
956,1
957,10
957,1
957,2
957,3
958,10
958,4
958,5
958,1
958,2
958,7
959,4
959,5
959,1
959,7
960,1
961,4
961,5
961,1
961,7
962,10
962,1
962,2
962,3
963,10
963,4
963,5
963,1
963,2
963,7
964,4
964,5
964,1
965,1
965,3
966,10
966,1
966,2
966,3
967,10
967,1
967,3
968,10
968,1
968,2
969,10
969,1
969,2
969,3
970,10
970,1
970,2
971,10
971,1
971,2
971,3
972,1
972,3
973,4
974,4
974,1
975,1
975,3
976,10
976,1
976,2
976,3
977,10
977,4
977,5
977,1
978,5
978,1
979,4
979,1
979,7
980,5
980,1
981,4
981,1
981,7
982,1
982,3
983,10
983,1
983,3
984,10
984,4
984,1
985,1
985,3
986,10
986,1
986,3
987,1
987,3
988,10
988,1
988,2
988,3
989,1
989,3
990,1
990,3
991,10
991,4
991,5
991,1
991,7
993,1
993,3
994,1
994,3
995,10
995,1
995,3
996,5
996,1
997,10
997,1
997,2
997,3
998,1
998,3
999,4
999,5
999,1
999,7
1000,10
1000,4
1000,5
1000,1
1001,10
1001,1
1001,2
1001,3
1002,10
1002,1
1002,2
1002,3
1003,4
1003,5
1003,1
1003,7
1004,10
1004,5
1004,1
1004,2
1004,3
1005,4
1005,5
1005,1
1006,1
1006,3
1007,10
1007,5
1007,1
1007,7
1008,10
1008,4
1008,5
1008,1
1008,2
1009,10
1009,5
1009,1
1009,2
1010,1
1010,3
1011,1
1011,3
1012,10
1012,1
1012,2
1012,3
1013,1
1014,1
1014,3
1015,10
1015,1
1015,2
1016,1
1016,3
1017,1
1017,3
1018,10
1018,5
1018,1
1018,2
1019,1
1019,3
1020,4
1020,5
1020,1
1021,4
1021,5
1021,1
1021,7
1022,2
1022,3
1022,7
1023,1
1024,10
1024,1
1024,3
1025,5
1025,1
1025,3
1025,7
1026,4
1026,5
1026,1
1026,7
1027,1
1027,3
1028,5
1028,1
1029,4
1029,5
1029,1
1029,7
1030,1
1030,3
1031,1
1031,3
1032,10
1032,5
1032,1
1032,2
1032,3
1033,1
1033,3
1033,7
1034,3
1035,10
1035,1
1036,5
1037,10
1037,4
1037,5
1037,1
1037,2
1037,7
1038,1
1038,3
1039,1
1039,3
1040,10
1040,1
1040,2
1041,10
1041,1
1042,5
1042,1
1043,10
1043,4
1043,1
1043,2
1044,10
1044,4
1044,5
1044,1
1044,2
1045,5
1045,1
1045,3
1046,1
1046,3
1048,4
1048,5
1048,1
1049,10
1049,1
1049,3
1050,10
1050,5
1050,1
1050,2
1050,7
1051,10
1051,4
1051,5
1051,1
1052,10
1052,1
1052,3
1053,10
1053,5
1053,1
1053,2
1053,7
1054,1
1055,1
1055,3
1056,10
1056,1
1056,2
1057,1
1057,3
1058,1
1058,3
1059,1
1059,3
1060,10
1060,1
1060,2
1060,3
1061,1
1061,3
1062,4
1063,10
1063,1
1063,2
1063,3
1065,10
1065,1
1065,3
1066,10
1066,1
1066,2
1066,3
1067,1
1067,3
1068,10
1068,1
1068,2
1068,3
1069,4
1069,5
1069,1
1070,4
1070,1
1071,10
1071,1
1071,2
1071,3
1072,4
1072,5
1072,1
1072,7
1073,1
1073,3
1074,1
1074,3
1075,3
1076,10
1076,1
1076,3
1077,1
1078,4
1079,1
1079,3
1080,1
1080,3
1081,4
1081,5
1081,1
1082,10
1082,4
1082,5
1082,1
1082,7
1083,4
1083,1
1083,7
1084,10
1084,1
1084,2
1085,1
1086,1
1086,3
1087,1
1087,3
1088,4
1089,10
1089,1
1089,3
1090,1
1090,3
1091,10
1091,1
1091,2
1091,3
1092,5
1092,1
1092,3
1093,10
1093,5
1093,1
1093,2
1094,1
1094,3
1095,1
1095,3
1096,3
1097,10
1097,4
1097,1
1097,2
1097,7
1098,1
1098,3
1099,10
1099,1
1099,2
1099,3
1100,1
1100,3
1101,10
1101,1
1101,3
1102,10
1102,1
1102,2
1103,1
1103,3
1104,5
1104,1
1104,3
1105,5
1105,1
1106,1
1106,3
1107,3
1108,10
1108,1
1108,3
1109,10
1109,1
1109,2
1110,1
1110,3
1111,10
1111,1
1112,10
1112,1
1112,2
1112,3
1113,10
1113,4
1113,5
1113,1
1114,10
1114,1
1114,2
1114,3
1115,4
1115,5
1115,1
1116,4
1116,5
1116,1
1117,10
1117,1
1117,2
1118,10
1118,1
1118,2
1118,3
1119,1
1119,3
1120,10
1120,1
1120,2
1120,3
1121,1
1121,3
1122,10
1122,1
1122,2
1122,3
1123,10
1123,5
1123,1
1123,2
1124,10
1124,1
1124,3
1125,1
1125,3
1126,1
1126,3
1127,4
1127,5
1127,1
1127,7
1128,10
1128,4
1128,5
1128,1
1128,2
1129,10
1129,4
1129,5
1129,1
1129,2
1129,7
1130,1
1130,3
1131,1
1131,3
1132,10
1132,1
1132,2
1133,1
1133,3
1134,4
1134,1
1135,10
1135,1
1135,3
1136,1
1136,3
1137,10
1137,1
1137,2
1137,3
1138,10
1138,5
1138,1
1138,2
1139,1
1139,3
1140,10
1140,4
1140,1
1140,2
1141,10
1141,1
1141,3
1142,1
1142,3
1143,10
1143,1
1143,3
1144,10
1144,4
1144,1
1144,2
1144,7
1145,1
1145,3
1146,10
1146,4
1146,5
1146,1
1146,2
1146,7
1147,4
1147,5
1148,1
1149,4
1149,5
1149,1
1149,7
1150,10
1150,4
1150,5
1150,1
1150,2
1150,7
1151,1
1151,3
1152,10
1152,4
1152,1
1152,2
1153,1
1153,3
1154,1
1155,10
1155,5
1155,1
1155,2
1155,7
1156,1
1156,3
1157,1
1158,10
1158,1
1158,2
1158,3
1159,10
1159,1
1159,2
1159,3
1160,10
1160,1
1160,2
1160,3
1161,10
1161,1
1161,2
1161,3
1162,4
1162,5
1162,1
1163,10
1163,1
1163,3
1164,1
1165,10
1165,5
1165,1
1165,2
1165,7
1166,10
1166,1
1166,2
1166,3
1167,10
1167,4
1167,5
1167,1
1167,2
1167,7
1168,1
1169,10
1169,1
1169,2
1169,3
1170,10
1170,4
1170,1
1171,10
1171,4
1171,5
1171,1
1171,2
1172,10
1172,1
1172,2
1173,1
1173,3
1174,10
1174,1
1174,2
1174,3
1175,10
1175,1
1175,2
1176,10
1176,1
1176,2
1176,3
1177,10
1177,1
1177,2
1178,4
1178,5
1178,1
1179,10
1179,5
1179,1
1179,2
1179,7
1180,10
1180,1
1180,2
1181,10
1181,1
1181,2
1182,1
1182,3
1183,10
1183,4
1183,5
1183,1
1184,10
1184,1
1184,2
1184,3
1185,1
1185,3
1186,1
1186,3
1187,4
1187,1
1188,10
1188,1
1188,3
1189,10
1189,1
1189,2
1189,3
1190,10
1190,5
1190,1
1190,2
1190,3
1191,1
1191,3
1192,1
1192,3
1192,7
1193,10
1193,1
1193,2
1194,10
1194,1
1194,2
1194,3
1195,4
1195,5
1195,1
1196,4
1196,5
1196,1
1196,7
1197,10
1197,4
1197,5
1197,1
1197,2
1198,10
1198,1
1198,3
1199,4
1199,5
1199,1
1199,7
1200,10
1200,1
1200,3
1201,5
1201,1
1201,3
1202,1
1202,3
1203,10
1203,1
1203,2
1203,3
1204,10
1204,1
1204,2
1205,10
1205,1
1206,1
1206,3
1207,1
1207,3
1208,4
1208,1
1208,7
1209,10
1209,1
1209,2
1209,3
1210,10
1210,1
1210,2
1210,3
1211,10
1211,4
1211,5
1211,1
1212,1
1212,3
1213,10
1213,5
1213,1
1213,2
1213,3
1214,10
1214,1
1214,2
1214,3
1215,10
1215,1
1215,2
1215,3
1216,10
1216,1
1216,2
1217,5
1217,1
1218,10
1218,1
1218,2
1219,1
1219,3
1220,4
1220,5
1220,1
1221,4
1221,5
1221,1
1222,10
1222,4
1222,5
1222,1
1222,2
1223,1
1223,3
1224,1
1224,3
1225,1
1225,3
1226,1
1226,3
1227,10
1227,1
1227,2
1227,3
1228,4
1228,5
1228,1
1229,1
1229,3
1230,1
1230,3
1231,10
1231,1
1231,2
1231,3
1232,4
1232,5
1232,1
1233,1
1233,3
1234,1
1234,3
1235,1
1235,3
1236,10
1236,4
1236,5
1236,1
1236,2
1236,7
1237,4
1237,5
1237,1
1238,10
1238,1
1238,2
1239,10
1239,4
1239,1
1239,2
1240,10
1240,4
1240,1
1240,7
1241,5
1241,1
1242,10
1242,4
1242,5
1242,1
1242,2
1243,1
1243,3
1244,1
1244,3
1245,10
1245,1
1245,2
1245,3
1246,10
1246,1
1246,2
1246,3
1247,5
1247,1
1248,4
1248,1
1249,4
1249,5
1249,1
1249,7
1250,10
1250,1
1250,2
1250,3
1251,4
1251,1
1252,1
1252,3
1253,1
1254,10
1254,1
1254,2
1254,3
1255,4
1255,5
1255,1
1256,1
1256,3
1257,10
1257,1
1257,3
1258,1
1258,3
1259,1
1259,3
1260,10
1260,1
1260,3
1261,10
1261,1
1262,10
1262,4
1262,5
1262,1
1262,2
1262,7
1263,4
1263,1
1264,1
1264,3
1265,1
1265,3
1266,10
1266,1
1266,2
1267,1
1268,1
1268,3
1269,1
1269,3
1270,10
1270,4
1270,1
1270,2
1271,1
1271,3
1272,10
1272,1
1272,2
1272,3
1273,1
1273,3
1274,1
1274,3
1275,10
1275,1
1275,2
1276,2
1277,1
1277,3
1278,1
1278,3
1279,10
1279,4
1279,5
1279,1
1279,2
1280,1
1280,3
1281,1
1281,3
1282,1
1282,3
1283,10
1283,4
1283,5
1283,1
1283,2
1284,4
1284,5
1284,1
1284,7
1285,10
1285,1
1285,3
1286,10
1286,4
1286,1
1287,1
1287,3
1288,10
1288,1
1288,2
1288,3
1289,1
1289,3
1290,1
1290,3
1291,10
1291,1
1291,2
1292,4
1292,5
1292,1
1293,5
1293,1
1293,3
1294,1
1294,3
1295,4
1295,5
1295,1
1296,4
1296,5
1296,1
1297,5
1297,1
1298,1
1298,3
1299,4
1299,5
1299,1
1299,7
1300,1
1300,3
1301,1
1301,3
1302,10
1302,4
1302,5
1302,1
1302,2
1303,1
1303,3
1304,4
1304,1
1305,10
1305,1
1305,3
1306,4
1306,5
1306,2
1306,7
1307,10
1307,4
1307,5
1307,1
1307,2
1307,7
1308,10
1308,5
1308,1
1308,2
1309,10
1309,1
1309,2
1309,3
1310,10
1310,4
1310,5
1310,1
1310,2
1310,7
1311,1
1311,3
1312,10
1312,4
1312,5
1312,1
1313,10
1313,1
1313,2
1313,6
1314,10
1314,4
1314,5
1314,1
1314,7
1315,1
1316,10
1316,5
1316,1
1316,2
1317,1
1318,10
1318,1
1318,2
1318,3
1319,1
1319,3
1320,10
1320,1
1320,3
1321,1
1321,3
1322,10
1322,1
1322,3
1323,4
1323,5
1323,1
1324,1
1324,3
1325,10
1325,1
1325,3
1326,4
1326,5
1326,1
1326,7
1327,1
1327,3
1328,10
1328,4
1328,5
1328,1
1328,7
1329,10
1329,1
1329,2
1330,10
1330,1
1330,2
1331,1
1331,3
1332,1
1332,3
1333,10
1333,1
1333,2
1333,3
1334,4
1334,1
1335,3
1336,4
1336,1
1337,4
1337,5
1337,1
1337,7
1338,1
1338,3
1339,4
1339,1
1340,5
1340,1
1340,3
1341,4
1341,5
1341,7
1342,1
1342,3
1343,4
1343,5
1343,1
1343,7
1344,10
1344,1
1344,2
1344,3
1345,4
1345,1
1345,7
1346,10
1346,1
1346,2
1346,3
1347,1
1347,3
1348,10
1348,1
1348,3
1349,10
1349,4
1349,1
1349,2
1349,7
1350,10
1350,1
1350,2
1350,3
1351,10
1351,1
1351,2
1351,3
1352,1
1352,3
1353,1
1353,3
1354,10
1354,4
1354,5
1354,1
1354,2
1354,7
1355,4
1355,5
1355,1
1355,7
1356,10
1356,1
1356,2
1357,4
1357,5
1357,1
1358,1
1358,3
1359,1
1359,3
1360,1
1360,3
1361,5
1361,1
1361,3
1362,1
1363,1
1363,3
1364,1
1364,3
1365,1
1365,3
1366,1
1366,3
1367,1
1367,3
1368,1
1368,3
1369,1
1369,3
1370,5
1370,1
1371,10
1371,4
1371,5
1371,1
1371,2
1371,7
1372,5
1372,1
1373,1
1373,3
1374,1
1374,3
1375,1
1375,3
1376,10
1376,4
1376,5
1376,1
1376,2
1376,7
1377,4
1377,5
1377,1
1377,7
1378,10
1378,5
1378,1
1378,2
1379,10
1379,4
1379,5
1379,1
1380,1
1380,3
1381,4
1381,1
1381,7
1382,1
1382,3
1383,10
1383,1
1383,3
1384,1
1384,3
1385,10
1385,1
1385,2
1385,3
1386,10
1386,1
1386,3
1387,10
1387,1
1387,2
1387,3
1388,10
1388,4
1388,1
1388,2
1389,10
1389,5
1389,1
1389,2
1389,7
1390,1
1390,3
1391,1
1391,3
1392,1
1392,3
1394,10
1394,1
1394,2
1394,3
1395,10
1395,1
1395,2
1395,3
1396,1
1397,1
1397,3
1398,4
1399,10
1399,4
1399,5
1399,1
1399,2
1400,10
1400,1
1400,2
1400,3
1401,10
1401,5
1401,1
1401,2
1402,1
1402,3
1403,10
1403,5
1403,1
1403,2
1404,4
1404,5
1404,1
1404,7
1405,4
1405,1
1405,7
1406,3
1407,1
1407,3
1408,10
1408,1
1408,3
1409,1
1409,3
1410,1
1410,3
1411,1
1411,3
1412,10
1412,4
1412,5
1412,1
1412,2
1412,7
1413,1
1413,3
1414,10
1414,1
1414,2
1414,3
1415,1
1415,3
1416,10
1416,1
1416,2
1417,10
1417,1
1417,2
1417,3
1418,1
1418,3
1419,10
1419,4
1419,5
1419,1
1420,4
1420,1
1421,10
1421,1
1421,2
1421,3
1422,10
1422,1
1422,3
1423,1
1423,3
1424,1
1425,1
1425,3
1426,1
1426,3
1427,10
1427,1
1427,2
1428,4
1428,5
1428,1
1429,10
1429,4
1429,5
1429,1
1429,2
1430,1
1430,3
1431,10
1431,1
1431,2
1431,3
1432,10
1432,5
1432,1
1432,3
1433,5
1433,1
1434,1
1434,3
1435,5
1435,1
1435,3
1436,1
1436,3
1437,10
1437,1
1437,2
1437,3
1438,1
1439,4
1440,1
1441,5
1441,1
1442,2
1442,3
1442,7
1443,3
1444,10
1444,4
1444,1
1444,2
1445,5
1445,2
1445,7
1446,4
1446,5
1446,1
1447,1
1447,3
1448,10
1448,4
1448,5
1448,1
1448,2
1448,7
1449,4
1449,2
1449,7
1450,4
1450,5
1450,1
1451,1
1451,3
1452,10
1452,4
1452,5
1452,1
1452,2
1452,7
1453,4
1453,5
1453,1
1454,4
1454,2
1454,7
1455,1
1455,3
1456,10
1456,4
1456,1
1456,2
1457,4
1457,5
1457,1
1457,7
1458,10
1458,4
1458,1
1459,1
1459,3
1460,4
1460,5
1460,1
1460,7
1461,10
1461,1
1461,3
1462,1
1462,3
1463,1
1463,3
1464,1
1464,3
1465,4
1465,1
1466,10
1466,4
1466,1
1466,2
1467,5
1467,1
1468,10
1468,1
1468,3
1469,1
1470,1
1471,4
1471,1
1472,1
1472,3
1473,1
1473,3
1474,4
1474,5
1474,1
1475,10
1475,5
1475,1
1475,2
1475,3
1476,1
1476,3
1477,10
1477,1
1477,2
1477,3
1478,1
1478,3
1479,10
1479,1
1479,2
1480,1
1480,3
1481,1
1482,4
1482,1
1482,7
1483,10
1483,1
1483,2
1483,3
1484,1
1484,3
1485,1
1485,3
1486,4
1486,5
1486,1
1486,7
1487,10
1487,1
1487,2
1488,4
1488,1
1489,1
1489,3
1490,1
1490,3
1491,10
1491,1
1491,3
1492,1
1492,3
1493,1
1493,3
1494,4
1494,1
1495,1
1495,3
1496,1
1496,3
1497,10
1497,5
1497,1
1497,2
1498,10
1498,1
1498,2
1498,3
1499,10
1499,1
1499,2
1499,3
1500,1
1500,3
1501,5
1501,1
1502,1
1503,10
1503,4
1503,5
1503,1
1503,2
1503,7
1504,1
1504,3
1505,10
1505,1
1505,2
1505,3
1506,1
1506,3
1507,10
1507,1
1507,2
1507,3
1508,1
1508,3
1509,5
1509,1
1509,3
1509,7
1510,5
1510,1
1510,3
1510,7
1511,10
1511,1
1511,3
1512,1
1512,3
1513,1
1513,3
1514,10
1514,1
1514,2
1514,3
1515,4
1515,5
1515,1
1515,7
1516,10
1516,4
1516,1
1517,1
1517,3
1518,1
1518,3
1519,1
1519,3
1520,10
1520,4
1520,5
1520,1
1520,2
1520,7
1521,10
1521,4
1521,5
1521,1
1521,2
1522,1
1522,3
1523,1
1523,3
1524,10
1524,4
1524,5
1524,1
1524,2
1524,7
1525,1
1525,3
1526,10
1526,1
1526,2
1527,10
1527,1
1527,2
1527,3
1529,1
1529,3
1530,10
1530,1
1530,2
1531,1
1531,3
1532,10
1532,4
1532,1
1532,2
1533,10
1533,1
1533,2
1534,2
1534,3
1535,1
1535,3
1536,4
1536,5
1536,1
1537,1
1537,3
1538,10
1538,1
1538,2
1538,3
1539,10
1539,1
1539,2
1539,3
1540,10
1540,1
1540,3
1541,4
1541,5
1541,1
1541,7
1542,10
1542,4
1542,1
1543,1
1543,3
1544,4
1544,1
1545,10
1545,1
1545,2
1546,10
1546,4
1546,5
1546,1
1546,2
1546,7
1547,1
1547,3
1548,1
1548,3
1549,10
1549,1
1549,2
1549,3
1550,1
1550,3
1551,5
1551,1
1552,10
1552,1
1553,10
1553,5
1553,1
1553,2
1553,3
1554,1
1554,3
1555,1
1555,3
1556,10
1556,1
1556,3
1557,1
1557,3
1558,10
1558,5
1558,1
1558,2
1559,5
1559,1
1559,3
1560,10
1560,4
1560,1
1561,10
1561,5
1561,1
1561,2
1561,3
1562,1
1562,3
1563,1
1563,3
1564,10
1564,4
1564,5
1564,1
1564,2
1565,1
1565,3
1566,4
1566,5
1566,1
1566,7
1567,10
1567,4
1567,5
1567,1
1567,2
1568,1
1568,3
1569,1
1569,3
1570,1
1571,1
1571,3
1572,10
1572,1
1572,2
1572,3
1573,1
1573,3
1574,4
1574,1
1575,3
1576,10
1576,1
1576,2
1576,3
1577,10
1577,5
1577,1
1577,2
1577,7
1578,4
1578,5
1578,1
1578,7
1579,10
1579,1
1579,2
1579,3
1580,4
1580,5
1580,1
1581,1
1581,3
1582,1
1582,3
1583,10
1583,1
1583,2
1583,7
1584,10
1584,4
1584,1
1584,2
1585,5
1585,1
1585,3
1586,1
1586,3
1587,1
1587,3
1588,10
1588,4
1588,1
1588,2
1589,1
1589,3
1590,1
1590,3
1591,1
1591,3
1592,10
1592,1
1592,2
1592,3
1593,1
1593,3
1594,1
1594,3
1595,1
1595,3
1596,1
1596,3
1597,1
1597,3
1598,10
1598,1
1598,2
1599,1
1599,3
1600,10
1600,4
1600,1
1601,10
1601,4
1601,5
1601,1
1601,2
1601,7
1602,10
1602,1
1602,2
1602,3
1603,1
1604,10
1604,4
1604,5
1604,1
1604,2
1605,10
1605,4
1605,5
1605,1
1605,2
1605,7
1606,4
1606,5
1606,1
1606,7
1607,1
1608,4
1608,1
1609,5
1609,1
1610,4
1610,1
1611,10
1611,1
1611,2
1612,10
1612,4
1612,5
1612,1
1612,2
1613,1
1613,3
1614,10
1614,1
1614,2
1615,10
1615,1
1615,3
1616,1
1616,3
1617,4
1617,5
1617,1
1617,7
1618,4
1618,5
1618,1
1619,1
1619,3
1620,1
1620,3
1621,4
1621,5
1621,1
1622,1
1622,3
1623,1
1623,3
1624,10
1624,1
1624,2
1624,3
1625,10
1625,4
1625,1
1625,2
1626,1
1626,3
1627,10
1627,1
1627,3
1628,10
1628,1
1628,3
1629,1
1629,3
1630,4
1630,5
1630,1
1630,7
1631,10
1631,1
1631,2
1631,3
1632,1
1632,3
1633,1
1633,3
1634,1
1635,3
1636,1
1636,3
1637,1
1637,3
1638,4
1638,5
1638,1
1638,7
1639,1
1639,3
1640,10
1640,1
1640,2
1640,3
1641,10
1641,1
1641,3
1642,5
1642,1
1642,3
1643,4
1643,5
1643,1
1644,10
1644,1
1644,2
1644,3
1645,10
1645,1
1645,3
1646,10
1646,1
1646,3
1647,10
1647,5
1647,1
1647,3
1648,5
1648,1
1648,3
1648,7
1649,1
1649,3
1650,10
1650,1
1650,2
1650,3
1651,10
1651,1
1651,2
1651,3
1652,10
1652,4
1652,5
1652,1
1652,2
1653,10
1653,1
1653,2
1654,10
1654,1
1654,3
1655,10
1655,1
1655,2
1655,3
1656,1
1656,3
1657,3
1658,10
1658,5
1658,1
1658,2
1658,7
1659,10
1659,1
1659,3
1660,1
1660,3
1661,10
1661,1
1661,3
1662,1
1663,1
1663,3
1664,10
1664,1
1664,2
1664,3
1665,1
1665,3
1666,10
1666,1
1666,2
1666,3
1667,1
1667,3
1668,10
1668,5
1668,1
1668,2
1668,3
1669,1
1669,3
1670,1
1671,10
1671,1
1671,2
1672,1
1672,3
1673,10
1673,4
1673,5
1673,1
1673,7
1674,1
1675,10
1675,1
1675,2
1675,3
1676,10
1676,1
1676,2
1676,3
1677,1
1677,3
1678,10
1678,4
1678,5
1678,1
1678,2
1679,4
1679,5
1679,1
1680,1
1680,3
1681,1
1681,3
1682,1
1682,3
1683,3
1684,10
1684,4
1684,5
1684,1
1684,2
1685,1
1685,3
1686,4
1686,1
1687,10
1687,1
1687,2
1688,10
1688,4
1688,5
1688,1
1688,2
1688,7
1689,4
1689,1
1689,7
1690,10
1690,4
1690,5
1690,1
1690,2
1691,10
1691,5
1691,1
1691,3
1692,1
1692,3
1693,1
1693,3
1694,1
1694,3
1695,1
1695,3
1696,2
1696,3
1696,7
1697,10
1697,1
1697,3
1698,1
1698,3
1699,1
1699,3
1700,4
1700,5
1700,1
1701,10
1701,5
1701,1
1701,3
1702,1
1702,3
1703,1
1703,3
1704,1
1704,3
1705,10
1705,5
1705,1
1705,2
1706,4
1706,5
1706,1
1707,1
1707,3
1708,1
1708,3
1709,10
1709,1
1709,2
1710,2
1710,3
1710,7
1711,10
1711,1
1711,3
1712,10
1712,4
1712,5
1712,1
1712,2
1713,10
1713,4
1713,5
1713,1
1714,10
1714,4
1714,5
1714,1
1714,2
1715,1
1715,3
1716,4
1716,1
1717,1
1718,10
1718,5
1718,1
1718,2
1719,10
1719,4
1719,5
1719,1
1719,2
1720,1
1720,3
1721,1
1721,3
1722,1
1723,10
1723,1
1723,2
1723,3
1724,1
1724,3
1725,5
1725,2
1726,10
1726,1
1726,2
1726,3
1727,10
1727,1
1727,2
1728,10
1728,4
1728,5
1728,1
1728,2
1729,5
1729,1
1729,3
1730,1
1730,3
1731,10
1731,4
1731,5
1731,1
1731,2
1732,10
1732,4
1732,5
1732,1
1732,2
1733,1
1733,3
1734,1
1734,3
1735,10
1735,4
1735,1
1735,2
1736,1
1736,3
1737,10
1737,1
1737,2
1738,10
1738,1
1738,2
1738,3
1739,10
1739,1
1739,2
1739,3
1740,1
1740,3
1741,1
1741,3
1742,1
1743,10
1743,5
1743,1
1743,2
1743,7
1744,10
1744,1
1744,2
1745,1
1745,3
1746,10
1746,1
1747,10
1747,5
1747,1
1747,2
1748,10
1748,4
1748,1
1748,2
1749,10
1749,4
1749,5
1749,1
1749,2
1749,7
1750,10
1750,5
1750,1
1750,2
1750,7
1751,1
1751,3
1752,10
1752,1
1752,2
1753,1
1753,3
1754,10
1754,1
1754,2
1755,4
1755,5
1755,1
1756,1
1756,3
1757,1
1758,10
1758,1
1758,2
1759,1
1759,3
1760,1
1760,3
1761,10
1761,1
1761,2
1761,3
1762,10
1762,5
1762,1
1762,2
1762,3
1763,5
1763,1
1763,3
1764,10
1764,1
1764,3
1765,1
1765,3
1766,10
1766,4
1766,5
1766,1
1766,2
1767,2
1768,10
1768,1
1768,3
1769,5
1770,1
1771,10
1771,4
1771,5
1771,1
1771,2
1771,7
1772,4
1773,1
1773,3
1774,1
1774,3
1775,10
1775,5
1775,1
1775,2
1776,4
1776,5
1776,1
1776,7
1777,10
1777,4
1777,5
1777,1
1777,2
1777,7
1778,10
1778,1
1778,2
1778,3
1779,10
1779,4
1779,5
1779,1
1779,2
1779,7
1780,4
1780,5
1780,1
1781,4
1781,5
1781,1
1781,7
1782,10
1782,4
1782,5
1782,1
1783,1
1783,3
1784,4
1784,1
1785,2
1785,7
1786,1
1787,1
1787,3
1788,10
1788,1
1788,2
1788,3
1788,7
1789,1
1789,3
1790,4
1790,5
1790,1
1791,4
1791,5
1791,1
1792,10
1792,1
1792,2
1792,3
1793,1
1793,3
1794,10
1794,1
1794,2
1795,10
1795,4
1795,1
1795,2
1796,10
1796,4
1796,5
1796,1
1797,1
1797,3
1798,10
1798,1
1798,2
1798,3
1799,10
1799,1
1799,3
1799,7
1800,1
1800,3
1801,1
1801,3
1802,1
1802,3
1803,4
1803,5
1803,1
1804,10
1804,5
1804,1
1804,2
1804,7
1805,1
1805,3
1806,5
1806,1
1806,3
1807,1
1808,1
1808,3
1809,1
1809,3
1810,5
1810,1
1810,3
1810,7
1811,10
1811,1
1811,2
1811,3
1812,5
1812,1
1812,3
1813,4
1813,1
1814,10
1814,4
1814,1
1814,2
1815,2
1815,3
1816,4
1816,5
1816,1
1817,10
1817,1
1817,2
1818,1
1818,3
1819,1
1819,3
1820,10
1820,1
1820,2
1820,3
1821,10
1821,1
1821,2
1821,3
1822,1
1822,3
1823,10
1823,1
1823,2
1823,3
1824,5
1824,1
1824,3
1825,1
1826,1
1826,3
1827,1
1827,3
1828,10
1828,1
1828,2
1828,3
1829,1
1829,3
1830,1
1831,10
1831,4
1831,5
1831,1
1831,2
1832,4
1832,5
1832,1
1833,10
1833,1
1833,2
1833,3
1834,10
1834,4
1834,1
1835,10
1835,4
1835,5
1835,1
1836,1
1836,3
1837,10
1837,4
1837,5
1837,1
1837,2
1838,1
1838,3
1839,10
1839,5
1839,1
1839,2
1839,3
1840,10
1840,4
1840,5
1840,1
1840,2
1841,10
1841,5
1841,1
1841,2
1842,10
1842,1
1842,2
1843,10
1843,1
1843,2
1843,3
1844,1
1844,3
1845,1
1845,3
1846,1
1846,3
1847,1
1847,3
1848,1
1848,3
1849,10
1849,5
1849,1
1849,3
1850,1
1850,3
1851,10
1851,1
1851,3
1852,10
1852,1
1853,4
1853,1
1854,1
1854,3
1855,4
1855,1
1856,1
1857,5
1857,1
1858,1
1858,3
1859,1
1859,3
1860,3
1861,4
1861,5
1861,1
1862,1
1862,3
1863,10
1863,1
1863,2
1863,3
1864,10
1864,1
1864,2
1865,1
1865,3
1866,10
1866,4
1866,5
1866,1
1866,2
1866,7
1867,10
1867,1
1867,3
1868,10
1868,1
1868,2
1868,3
1869,4
1869,1
1870,10
1870,4
1870,5
1870,1
1870,2
1871,10
1871,4
1871,1
1871,2
1872,10
1872,1
1872,2
1872,3
1873,10
1873,1
1873,2
1874,1
1874,3
1875,10
1875,1
1875,2
1875,3
1876,1
1876,3
1877,1
1877,3
1878,1
1878,3
1879,4
1879,5
1880,1
1880,3
1881,1
1881,3
1882,1
1882,3
1883,4
1883,5
1883,1
1883,7
1884,4
1884,1
1884,7
1885,1
1885,3
1886,1
1886,3
1887,10
1887,1
1887,3
1888,1
1888,3
1889,4
1889,1
1890,10
1890,1
1890,2
1890,3
1891,10
1891,5
1891,1
1891,2
1892,2
1892,3
1892,7
1893,1
1893,3
1894,10
1894,4
1894,5
1894,1
1894,2
1894,7
1895,10
1895,1
1895,2
1896,1
1896,3
1897,10
1897,1
1897,2
1897,3
1898,5
1898,1
1899,2
1899,3
1900,1
1900,3
1901,4
1901,1
1901,7
1902,10
1902,1
1902,2
1902,3
1903,10
1903,1
1903,2
1903,3
1904,3
1905,1
1905,3
1906,1
1907,10
1907,1
1907,2
1907,6
1908,1
1908,3
1909,1
1910,1
1910,3
1911,10
1911,1
1911,2
1912,10
1912,1
1912,2
1912,3
1913,10
1913,4
1913,5
1913,1
1913,2
1914,1
1914,3
1915,4
1915,5
1915,1
1916,10
1916,4
1916,5
1916,1
1917,10
1917,1
1917,2
1917,3
1918,1
1918,3
1919,4
1919,5
1919,1
1919,7
1920,10
1920,4
1920,5
1920,1
1920,2
1921,4
1921,5
1921,1
1921,7
1922,1
1922,3
1923,10
1923,1
1923,2
1923,3
1924,10
1924,4
1924,1
1924,7
1925,10
1925,1
1925,2
1925,3
1926,1
1926,3
1927,1
1927,3
1928,1
1928,3
1930,10
1930,1
1930,3
1931,1
1931,3
1932,1
1932,3
1933,4
1933,5
1933,1
1934,10
1934,1
1934,3
1935,1
1935,3
1936,10
1936,1
1936,2
1936,3
1937,1
1938,1
1939,10
1939,5
1939,1
1939,2
1939,3
1940,1
1940,3
1941,1
1941,3
1942,10
1942,1
1942,2
1942,3
1943,1
1943,3
1944,1
1944,3
1945,10
1945,1
1945,3
1946,1
1946,3
1947,1
1947,3
1948,10
1948,1
1948,2
1948,3
1949,10
1949,1
1949,2
1949,3
1950,1
1950,3
1951,10
1951,1
1951,2
1951,3
1952,10
1952,1
1952,2
1952,3
1953,4
1953,5
1953,1
1953,7
1954,1
1954,3
1955,1
1955,3
1956,10
1956,1
1956,2
1956,3
1957,10
1957,1
1957,2
1958,10
1958,5
1958,1
1959,1
1959,3
1960,4
1960,5
1960,1
1960,7
1961,1
1961,3
1962,10
1962,1
1962,3
1963,1
1963,3
1964,1
1964,3
1965,10
1965,1
1965,2
1965,3
1966,1
1966,3
1967,10
1967,4
1967,1
1967,2
1968,4
1968,2
1968,7
1969,10
1969,5
1969,1
1969,2
1969,7
1970,1
1970,3
1971,10
1971,4
1971,5
1971,1
1971,2
1972,4
1972,5
1972,1
1972,7
1973,10
1973,4
1973,5
1973,1
1973,7
1974,10
1974,5
1974,1
1974,2
1975,1
1975,3
1976,1
1977,1
1977,3
1978,10
1978,4
1978,5
1978,1
1978,2
1978,7
1979,1
1979,3
1980,4
1980,5
1980,1
1980,7
1981,10
1981,1
1981,2
1981,3
1982,10
1982,1
1982,2
1982,3
1983,1
1983,3
1984,1
1984,3
1985,1
1986,10
1986,1
1986,2
1986,3
1987,10
1987,1
1987,2
1987,3
1988,1
1988,3
1989,10
1989,4
1989,1
1990,1
1990,3
1991,1
1991,3
1992,4
1992,5
1992,1
1992,7
1993,1
1993,3
1994,1
1994,3
1995,1
1995,3
1996,10
1996,1
1996,2
1996,3
1997,10
1997,1
1997,2
1997,3
1998,1
1998,3
1999,1
2000,1
2000,3
2001,10
2001,1
2001,2
2002,10
2002,1
2002,3
2003,1
2003,3
2004,1
2005,4
2005,5
2005,1
2006,1
2006,3
2007,1
2008,10
2008,4
2008,5
2008,1
2008,2
2009,10
2009,4
2009,5
2009,1
2009,7
2010,4
2011,5
2011,1
2012,10
2012,1
2012,2
2012,3
2013,10
2013,4
2013,5
2013,1
2013,2
2013,7
2014,1
2014,3
2015,4
2015,1
2016,10
2016,4
2016,5
2016,1
2016,2
2017,5
2017,1
2017,3
2018,10
2018,1
2018,2
2018,3
2019,1
2019,3
2020,4
2020,5
2020,1
2020,7
2021,10
2021,4
2021,1
2021,2
2022,10
2022,5
2022,1
2022,3
2023,10
2023,1
2023,2
2024,5
2024,1
2024,3
2024,7
2025,5
2025,1
2025,3
2027,1
2027,3
2028,1
2028,3
2029,10
2029,1
2029,3
2030,1
2030,3
2031,10
2031,1
2031,2
2031,3
2032,1
2032,3
2033,10
2033,5
2033,1
2033,7
2034,5
2034,1
2035,1
2035,3
2036,1
2036,3
2037,5
2037,1
2037,3
2037,7
2038,1
2038,3
2039,10
2039,1
2039,2
2040,1
2041,1
2042,4
2042,5
2042,1
2043,1
2043,3
2044,4
2044,5
2044,1
2045,10
2045,5
2045,1
2045,2
2046,1
2046,3
2047,10
2047,1
2047,3
2048,1
2048,3
2049,1
2049,3
2050,5
2050,1
2050,7
2051,1
2051,3
2052,10
2052,1
2052,2
2052,3
2053,1
2053,3
2054,1
2054,3
2055,5
2055,1
2055,3
2056,1
2056,3
2057,1
2057,3
2058,10
2058,4
2058,5
2058,1
2059,1
2059,3
